{
    "MAE": 0.533200130495656,
    "MSE": 0.5558915986952442,
    "RMSE": 0.7455813830127763,
    "R2": 0.575787706032451
}