{
    "MAE": 0.32754256845930246,
    "MSE": 0.2553684927247781,
    "RMSE": 0.5053399773665033,
    "R2": 0.8051230593157366
}